"","Topic 1","Topic 2","Topic 3","Topic 4","Topic 5"
"1","chicken","sushi","ramen","menu","korean"
"2","happy","roll","pork","japanese","bbq"
"3","hour","rolls","noodles","dishes","sushi"
"4","ordered","fresh","broth","dish","burrito"
"5","rice","fish","bowl","amazing","meat"
"6","table","eat","chicken","delicious","bulgogi"
"7","lunch","quality","japanese","ordered","montreal"
"8","shrimp","ayce","spicy","experience","bibimbap"
"9","pretty","salmon","ordered","vegas","meats"
"10","sauce","menu","soup","night","kalbi"
