"","Topic 1","Topic 2","Topic 3","Topic 4","Topic 5","Topic 6","Topic 7","Topic 8","Topic 9","Topic 10","Topic 11","Topic 12","Topic 13","Topic 14","Topic 15"
"1","ramen","rice","pho","tea","club","dim","burger","korean","essen","thai","noodles","chicken","happy","sushi","bowl"
"2","chicken","chicken","vegas","milk","vegas","sum","fries","meat","gut","chicken","soup","chinese","menu","roll","chicken"
"3","pork","fried","menu","boba","night","chinese","burgers","bbq","mal","curry","noodle","rice","hour","rolls","sauce"
"4","menu","dishes","ordered","drink","tao","duck","pork","vegas","dass","pad","beef","fried","server","buffet","rice"
"5","delicious","ordered","amazing","drinks","line","shrimp","mi","delicious","immer","spicy","dumplings","ordered","ordered","fresh","fresh"
"6","small","price","dish","ice","floor","dishes","sandwich","tacos","gibt","rice","pork","egg","table","eat","location"
"7","belly","pretty","dinner","bubble","drinks","pork","banh","rice","lecker","ordered","spicy","lunch","bar","lunch","teriyaki"
"8","buns","sauce","delicious","sweet","music","table","oxtail","ordered","bedienung","dishes","hot","soup","night","tuna","veggies"
"9","wings","soup","meal","green","dance","steamed","cheese","pork","schon","dish","chinese","beef","drinks","salmon","eat"
"10","sauce","beef","dishes","taste","room","fried","ordered","mexican","mehr","delicious","broth","shrimp","experience","quality","meat"
